Josh|Harbinton|HarbintonJ|73 Glass Street, Horseton|GM5 5AM|Devon|HarbintonJ@yahoo.org.co.uk.edu.gov|3303 504357|0|[]|Password1234
Harry|Harbinton|HarbintonH|18 Soy Pleasant, Glue Town|OX2 1HM|Devon|HarbintonH@yahoo.org.co.uk.edu.gov|1189 119474|0|[]|Password1234
Daniel|Davidser|DavidserD|40 Glass Street, Horseton|DV4 4LM|Oxfordshire|DavidserD@yahoo.org.co.uk.edu.gov|1830 480978|0|[]|Password1234
Christian|Pinington|PiningtonC|190 Glass Street, Glue Town|LM8 7DV|Oxfordshire|PiningtonC@yahoo.org.co.uk.edu.gov|6647 457670|0|[]|Password1234
Kayleigh|McArthur|McArthurK|105 Tree Way, Horseton|OX2 7SM|Average Manchester|McArthurK@yahoo.org.co.uk.edu.gov|5723 354875|0|[]|Password1234
Oliver|Pinington|PiningtonO|87 Glass Street, Glue Town|DV8 8DV|Happy Manchester|PiningtonO@yahoo.org.co.uk.edu.gov|5857 109801|0|[]|Password1234
Isla|Pinington|PiningtonI|185 Glass Street, Horseton|HF3 7HM|Hertfordshire|PiningtonI@yahoo.org.co.uk.edu.gov|6376 589357|0|[]|Password1234
Hannah|Bleems|BleemsH|70 Soy Pleasant, Horseton|HM9 6HF|Sad Manchester|BleemsH@yahoo.org.co.uk.edu.gov|1439 937787|0|[]|Password1234
Isla|Bleems|BleemsI|76 Soy Pleasant, Glue Town|OX6 8HF|Sad Manchester|BleemsI@yahoo.org.co.uk.edu.gov|6868 241675|0|[]|Password1234
Thomas|Davidser|DavidserT|176 Glass Street, Stoke on Trent|HF8 3LM|Sad Manchester|DavidserT@yahoo.org.co.uk.edu.gov|8344 633931|0|[]|Password1234
