Josh&Wabsontio&WabsontioJ&48 Soy Pleasant, Horseton&GM5 8GM&Lesser Manchester&WabsontioJ@yahoo.org.co.uk.edu.gov&7110 168115&0&[]&Password1234
Kayleigh&Davids&DavidsK&10 Glass Street, Glue Town&OX1 7OX&Oxfordshire&DavidsK@yahoo.org.co.uk.edu.gov&1540 753708&0&[]&Password1234
Alice&Seerin&SeerinA&77 Soy Pleasant, Glue Town&HF4 5HM&Hertfordshire&SeerinA@yahoo.org.co.uk.edu.gov&2459 480621&0&[]&Password1234
Hannah&Bleems&BleemsH&159 Glass Street, Horseton&DV3 3HF&Lesser Manchester&BleemsH@yahoo.org.co.uk.edu.gov&8537 493138&0&[]&Password1234
Daniel&Davidser&DavidserD&187 Tree Way, Glue Town&OX10 4SM&Oxfordshire&DavidserD@yahoo.org.co.uk.edu.gov&8653 267816&0&[]&Password1234
Alice&Harbinton&HarbintonA&76 Glass Street, Stoke on Trent&DV3 5HF&Oxfordshire&HarbintonA@yahoo.org.co.uk.edu.gov&9806 230014&0&[]&Password1234
Josh&Davidser&DavidserJ&80 Tree Way, Stoke on Trent&HM9 7HF&Happy Manchester&DavidserJ@yahoo.org.co.uk.edu.gov&4550 224145&0&[]&Password1234
Hannah&Harbinton&HarbintonH&85 Tree Way, Glue Town&OX3 1GM&Hertfordshire&HarbintonH@yahoo.org.co.uk.edu.gov&6936 379941&0&[]&Password1234
Isla&Harbinton&HarbintonI&25 Tree Way, Stoke on Trent&DV6 4GM&Devon&HarbintonI@yahoo.org.co.uk.edu.gov&6312 201942&0&[]&Password1234
Rosie&McArthur&McArthurR&169 Glass Street, Horseton&SM8 1HM&Greater Manchester&McArthurR@yahoo.org.co.uk.edu.gov&7989 477674&0&[]&Password1234
