Harry&Davidser&Harry Davidser and Co.&8 Soy Pleasant, Horseton&DV6 5GM&Lesser Manchester&Harry_Davidser_and_Co.@hotmail.co.uk&2429 671367&Password1234
Daniel&Harbinton&Daniel Harbinton and Co.&179 Glass Street, Horseton&SM5 2SM&Lesser Manchester&Daniel_Harbinton_and_Co.@hotmail.co.uk&8540 570281&Password1234
Oliver&Pinington&Oliver Pinington General Store&190 Soy Pleasant, Horseton&GM6 10HM&Oxfordshire&Oliver_Pinington_General_Store@hotmail.co.uk&9276 143275&Password1234
Rosie&Pinington&Rosie Pinington Foods&148 Glass Street, Glue Town&DV3 5LM&Devon&Rosie_Pinington_Foods@hotmail.co.uk&2476 682940&Password1234
Josh&Davids&Josh Davids Foods&168 Tree Way, Stoke on Trent&SM10 8LM&Oxfordshire&Josh_Davids_Foods@hotmail.co.uk&2177 603195&Password1234
Isla&McArthur&Isla McArthur General Store&163 Soy Pleasant, Stoke on Trent&SM2 6AM&Happy Manchester&Isla_McArthur_General_Store@hotmail.co.uk&5292 184383&Password1234
Daniel&Seerin&Daniel Seerin Foods&156 Soy Pleasant, Glue Town&GM1 9AM&Devon&Daniel_Seerin_Foods@hotmail.co.uk&7864 677033&Password1234
Christian&Harbinton&Christian Harbinton General Store&104 Tree Way, Glue Town&OX10 1DV&Oxfordshire&Christian_Harbinton_General_Store@hotmail.co.uk&1870 899070&Password1234
Josh&Pinington&Josh Pinington Foods&24 Tree Way, Glue Town&HM2 1OX&Sad Manchester&Josh_Pinington_Foods@hotmail.co.uk&5793 829501&Password1234
Alice&Wabsontio&Alice Wabsontio and Co.&92 Tree Way, Horseton&HM2 3AM&Lesser Manchester&Alice_Wabsontio_and_Co.@hotmail.co.uk&3385 997013&Password1234
Isla&Wabsontio&Isla Wabsontio General Store&61 Glass Street, Glue Town&HM9 10LM&Devon&Isla_Wabsontio_General_Store@hotmail.co.uk&8120 595007&Password1234
Isla&Harbinton&Isla Harbinton and Co.&11 Tree Way, Stoke on Trent&OX3 2OX&Average Manchester&Isla_Harbinton_and_Co.@hotmail.co.uk&1359 130241&Password1234
Thomas&Harbinton&Thomas Harbinton and Co.&58 Soy Pleasant, Stoke on Trent&OX3 1DV&Devon&Thomas_Harbinton_and_Co.@hotmail.co.uk&2097 208589&Password1234
Isla&Davidser&Isla Davidser Foods&58 Soy Pleasant, Glue Town&AM3 5DV&Happy Manchester&Isla_Davidser_Foods@hotmail.co.uk&5734 417764&Password1234
Rosie&Davids&Rosie Davids and Co.&3 Glass Street, Horseton&DV9 4OX&Lesser Manchester&Rosie_Davids_and_Co.@hotmail.co.uk&6012 967332&Password1234
Thomas&Davids&Thomas Davids Foods&13 Tree Way, Glue Town&OX8 5OX&Hertfordshire&Thomas_Davids_Foods@hotmail.co.uk&8194 519551&Password1234
Alex&Bleems&Alex Bleems and Co.&81 Soy Pleasant, Horseton&LM7 2HF&Happy Manchester&Alex_Bleems_and_Co.@hotmail.co.uk&9870 755840&Password1234
Rosie&Davidser&Rosie Davidser General Store&132 Soy Pleasant, Stoke on Trent&GM8 8HM&Greater Manchester&Rosie_Davidser_General_Store@hotmail.co.uk&3998 525256&Password1234
Daniel&Pinington&Daniel Pinington Foods&126 Soy Pleasant, Horseton&LM9 10OX&Average Manchester&Daniel_Pinington_Foods@hotmail.co.uk&6335 785812&Password1234
Thomas&Pinington&Thomas Pinington Foods&28 Tree Way, Stoke on Trent&AM3 4HF&Sad Manchester&Thomas_Pinington_Foods@hotmail.co.uk&7144 957900&Password1234
Christian&Pinington&Christian Pinington and Co.&196 Tree Way, Glue Town&GM4 5DV&Devon&Christian_Pinington_and_Co.@hotmail.co.uk&3382 541741&Password1234
Josh&Davidser&Josh Davidser Foods&19 Soy Pleasant, Glue Town&AM1 5OX&Lesser Manchester&Josh_Davidser_Foods@hotmail.co.uk&6046 530463&Password1234
Rosie&Bleems&Rosie Bleems Foods&89 Glass Street, Horseton&AM5 8OX&Greater Manchester&Rosie_Bleems_Foods@hotmail.co.uk&5170 593698&Password1234
Alice&Harbinton&Alice Harbinton General Store&48 Tree Way, Stoke on Trent&SM8 4HM&Hertfordshire&Alice_Harbinton_General_Store@hotmail.co.uk&4165 802732&Password1234
Harry&Davids&Harry Davids General Store&95 Tree Way, Stoke on Trent&AM6 4HM&Lesser Manchester&Harry_Davids_General_Store@hotmail.co.uk&3560 253351&Password1234
